Наименование;Цена;Описание;URL адрес
Хорьки выведут из течьки;1000р.;"! Хорьков Не Продаю.! 
Хорьки выведут из тчьки. Окрас самцов: тёмный соболь и золотой соболь цена 1000руб. 
Продаеться клетка для ежей, морских свинок, кроликов. Размеры: 76?49,5?47,5., размер между прутьями 2,5-3см. Цена 2000р.";https://www.avito.ru//moskva/drugie_zhivotnye/horki_vyvedut_iz_techki_1125297754
Очаровательные хорятки фаворитики;р.;"Пушистые попки и хвостики необычных окрасов из питомника, девочки и мальчики ждут своих маму и папу. 
Каждый приучен с пеленок к хорявому этикету и порадует родителей своей сообразительностью и воспитанием. С 5 недель малыши приучены к лотку! 
В новую семью детишки отправляются с пакетом документов: договор купли-продажи; метрика домашнего хорька; клинический осмотр с анализами на паразитов — простейших, отодектоз; люминесцентная диагностика на кожные заболевания; сыворотка Гискан5 или вакцинация по возрасту. Хорятам проведена дегельминтизация мильбемаксом и обработка стонгхолд. 
Пожалуйста, уточняйте какие малыши в продаже через сообщения, в объявлении невозможно показать всех свободных хоряток. Группа питомника вк. название как в профиле. сайт. 
Хорепопки находятся в Красноярске, доставка в Москву есть каждую неделю несколько раз (стоит 2500), поэтому питомец приедет к вам очень быстро.";https://www.avito.ru//moskva/drugie_zhivotnye/ocharovatelnye_horyatki_favoritiki_1215388978
Хорек домашний, мальчик;6000р.;"Продам хорька (6000) со всеми аксессуарами — трехэтажная клетка, гамак, нора, поилка, миска, чесалка, шлейка с поводком, витамины (7000). Все вместе 12000. 
Около двух лет (был найден в ноябре, не знаем точно), кастрирован (химическая кастрация). Ветпаспорт есть, одна прививка. 
Знает лоток. 
Спокойный, ласковый, ручной. Любит играть. Очень общительный. 
Хорек требует много внимания и ухода, мы не успеваем. 
Пожалуйста, оценивайте свои возможности и количество пальцев у детей. Все же хищное животное.";https://www.avito.ru//moskva/drugie_zhivotnye/horek_domashniy_malchik_2147184616
Хорьки малыши;р.;Очаровательные ручные хоречки домашнего разведения. Кушают фарш, ходят в лоточек. Очень милые и забавные. Только в любящие и заботливые руки людям, представляющим, кто такие хорьки. Хоречкам месяц. Цены уточняйте. Видео с хорьками в лайке:323874723.;https://www.avito.ru//moskva/drugie_zhivotnye/horki_malyshi_2126082792
Хорек из питомника с доставкой;3000р.;"Питомник предлагает девочку, полностью привита, ветпаспорт, лоток на пять, ласковая, игривая, кушает сухой корм и. Любит купаться. Есть видео. Доставка, или можно приехать лично. Цена снижена из за короткого хвостика. 

Профи питомник. Консультации, звоните. 

В питомник есть и другие малыши, больше информации в профиле.";https://www.avito.ru//moskva/drugie_zhivotnye/horek_iz_pitomnika_s_dostavkoy_2225463012
Хорек,хорьки,есть без запаха;1500р.;Малыши хорьки девочки и мальчики от 1500р., есть без запаха кастрированные — дороже на 1000р. Аксессуары и клетки.;https://www.avito.ru//moskva/drugie_zhivotnye/horekhorkiest_bez_zapaha_2235281954
Вязка хорьков экзотических окрасов(3 самца);5000р.;Три красивых, шикарно одетых самца хорька приглашают девочек на вязку на 2 — 3 суток. Самец белого окраса Дью, по типу шерсти: полуангора, с зелёными глазами. Многодетный папа! (Фото малышей по запросу или могу показать в живую! Красивые, крупные медвежата!) Цена за вязку 5000. И необычайно привлекательный самец хорька окраса: Сильвер Митт, половина ангоры, с голубыми глазами. Развязан! Цена за вязку 2 000. Также молодой самец медвежьего типа, развязан, окраса: Сильвер Митт, половина ангоры. Цена за вязку 2000. Мальчишки здоровы, проглистогонены, с прививками. Хорьки Не Продаются! От Вас: Девочка в течке, и еда для неё на время пребывания у жениха в гостях.)) Деньги ЗА Вязку Только Наличными!;https://www.avito.ru//moskva/drugie_zhivotnye/vyazka_horkov_ekzoticheskih_okrasov3_samtsa_1881178178
Хорек;6000р.;Продам хорьков. Остались 2 девочки и один крупный мальчик. Хоречки самостоятельно уже ходят в лоток. Кушают фаршикаши. Очень любознательные и игривые. родились дома, поэтому с рождения окружены любовью и лаской, дружат с детьми с кроликом и кошкой! Доставка Москва и ближайшее Подмосковье оговаривается отдельно! На последних фото мальчик.;https://www.avito.ru//moskva/drugie_zhivotnye/horek_2222435335
Хорек;3500р.;Хорята девочки и мальчики 3500?, 40 дней отроду ждут своих хозяев, не кусаются. Пишите, звоните. Возможно доставка до м. Алтуфьево.;https://www.avito.ru//moskva/drugie_zhivotnye/horek_1930173065
Супер Медвежонок хорёк с доставкой привит;15000р.;"Предлагаем супер девочку, тип Мишки, ооочень светлая шампань, редкий окрас, полностью привита, ветпаспорт прилагается, доставка, лоток на пять. Видео по запросу. В питомнике есть и другие малыши. Больше информации в профиле. 

Доставка. Профи питомник. Малыши от 7000 руб.

В продаже есть взрослый самец корица экзот, 20000 руб.";https://www.avito.ru//moskva/drugie_zhivotnye/super_medvezhonok_horek_s_dostavkoy_privit_1969423933
"Хорьки из питомника Fomina""s collection of ferrets";5000р.;"Предлагаю малышей хорьчат. В настоящий момент есть мальчики. Возраст от 35 дней. Цены разные. 
Звоните, на все дополнительные вопросы, отвечу по телефону. 
Заводчики.";https://www.avito.ru//moskva/drugie_zhivotnye/horki_iz_pitomnika_fominas_collection_of_ferrets_148096286
Ручные хорьки (фретка);2500р.;"Я занимаюсь разведением хорьков уже более 10 лет. 
На фото счастливые хозяева со своими питомцами, которых приобрели у нас! 

Прежде чем купить хорька, внимательно ознакомьтесь с ответственностью с которой столкнетесь, ведь хорек — это живое существо и будущий член вашей семьи. 
Хорёк — Хищное Домашнее Животное такое же, как кошка или собака: то есть до разумных пределов прирученное, общительное и зависимое от человека. 

Я буду рад рассказать вам более подробно о содержании и уходе за хорьком при покупке. 
Мой телефон всегда доступен для тех, кто уже купил у меня хорька — я всегда помогу советом по кормлению и содержанию. 
Мои животные здоровы и готовы стать частью вашей семьи. 
Так же есть клетки для хорьков. 
Осуществляю доставки (по договоренности с покупателем). 
Более 10 лет работы, более тысячи положительных отзывов! Тысячи счастливых владельцев маленьких пушистых хорьков!";https://www.avito.ru//moskva/drugie_zhivotnye/ruchnye_horki_fretka_419885712
Хорьки с доставкой по России экзоты пастель и собо;6006р.;"Приучены к лотку, ручные, смешные, общительные, любят детей и домашних животных. Можем выслать дополнительные фото видео. Можно писать в ватсаб, Вайбер на указаный номер. Вет паспорт, прививки по возрасту. 
От 6000 р. Разные окрасы.";https://www.avito.ru//moskva/drugie_zhivotnye/horki_s_dostavkoy_po_rossii_ekzoty_pastel_i_sobo_2061898864
Хорьки от 45 дней из Профи питомника с доставкой;7000р.;"Предлагаем хорят от 45 дней, привиты, ветпаспорт прилагается, лоток на пять, кушают сухой корм и мясо, ручные и ласковые, много видео, есть доставка или можно приехать лично. Окрасы от стандартов до экзотов, есть дью, с голубыми глазами, панды с голубыми глазами, альбино и др. Цены разные, зависят от окраса, от 7000 руб. Звоните).

Также в продаже есть взрослый самец в типе Мишки, отлично подходят для племени или в семью 20000 руб, ветпаспорт прилагается. 

Профи питомник.

Видео каждого по запросу.";https://www.avito.ru//moskva/drugie_zhivotnye/horki_ot_45_dney_iz_profi_pitomnika_s_dostavkoy_2161230733
Продам хорьков;6000р.;Продаем детей -хорьков 1,5 месяца, сами кушают, пьют из поилки, осваивают лоток, самое время воспитывать и дрессировать окрасы разные. Также вы можете у нас приобрести клетку, корма, гамаки и все необходимое. Есть мальчики и девочки.;https://www.avito.ru//moskva/drugie_zhivotnye/prodam_horkov_2179127426
Енот полоскун Хорёк, Еноты малыши;16000р.;"Бронь малышей на май. У вас есть возможность взять самого маленького и воспитать его в своей семье, со своими порядками. Чёрные и серые окрасы. 
Обращайтесь скину много фото и видео. Подписывайтесь на нашу группу. 
Занимаемся продажей и разведением животных уже более 9 лет. Правильное содержание и кормление залог здорового будущего вашего питомца. 
Отправляем в регионы! 
Цена с доставкой в Москву. Или самовывоз из Краснодара или Ростова на Дону. 

Будте Осторожны Мошенников сейчас очень много и очень много обмана. 
Читайте Отзывы о продавце в Авито, доверяйте только продавцам Авито со значком проверен паспорт, смотрите профиль продавца и дату его регистрации на сайте, просите видео малышей вместе с мамой и видео малыша снятого специально для вас. Связывайтесь по видео связи и тп. Наличие документов и громких названий ( центров енотов) не гарантирует, что щенок не дикий. 
Любой здравомыслящий человек не отправит животное без предоплаты в другой город, если питомец окажется никому не нужен, то лучшее что его ждет это большой стресс… Подробнее в нашем Инстаграм профиле там же оплатить с помощью карты, перевода или Apple Pay, Google Pay. 

Купить енота Калининград, Санкт Петербург, Петрозаводск, Мурманск, Псков, Воронеж, Тула, Липецк, Тамбов, Тверь, Великий Новгород, Пенза, Казань, Рязань, Саратов, Волгоград, Новосибирск, Москва Екатеринбург, Симферополь Ялта.";https://www.avito.ru//moskva/drugie_zhivotnye/enot_poloskun_horek_enoty_malyshi_1265145668
Хоречки на любой вкус;2500р.;Доброго времени суток. Продам хорьков мальчиков и девочек, им всего 35 дней. окрас серебро золото перломутр огненные шоколад пастель без маски и с маской этот забавный зверек станет в вашем доме очагом позитива а для вас и ваших деток станет не только домашним питомцем но и лучшем другом! Я занимаюсь разведение хорьков уже более 10 лет гарантирую что мои животные здоровы и готовы к новым семьям! я буду с вами на связи 24 час в день, для консультации и помогу советом в содержании в продаже клетки с полным набором для проживания животного, переноски. пишите вотцап и вайбер и звоните.;https://www.avito.ru//moskva/drugie_zhivotnye/horechki_na_lyuboy_vkus_1171992921
Хорек с клеткой;3500р.;Хорек Адольф. 4 года жил в нашей семье и был любимчиком. Брали его, когда было всего несколько месяцев ему. Серьёзным ничем не болел. Паспорта нет. Прививок нет. Не кастрирован. Продаю с большой трехэтажной клеткой. Продаю в связи с разводом и переездом моим, тк девать его некуда хорька отдать смогу только по приезду в Москву 20 сентября.;https://www.avito.ru//moskva/drugie_zhivotnye/horek_s_kletkoy_2229901122
Хорек;2000р.;Продаю хорька 5 лет, кастрированный, привит, проглистованный, ест сухой корм, можно в семью с детьми, но не с маленькими детьми, любит гулять, не кусается, самостоятельный, много спит), любит спать в коробке ходит на пеленку, горшок, на двух глазах бельмо, но ориентироваться на местности не мешает, самовывоз.;https://www.avito.ru//moskva/drugie_zhivotnye/horek_2187884717
Хорек;2000р.;Подарили хорька, но животное не моё. Маленький мальчишка, 2,5 месяца. Не кастрирован, поэтому пахнет. Абсолютно здоровый, веселый, игривый, любит ходить по пятам. Кушает курицу, кошачий корм. Ходит на пеленку. Дружит с другими животными (у меня мини собака, тусят постоянно). Любит спать рядом. Я много езжу, собаку тоскою с собой везде. Как с ним не знаю.;https://www.avito.ru//moskva/drugie_zhivotnye/horek_2182264210
Продам Хорьков девочек;р.;Продам Хорьков фреток, есть очень ручные и для разведения Есть девочки соболь ручные как кошки, можно для детей, есть клетки и многое другое для них и могу продать ведущих. На сообщения отвечаю редко, пожалуйста звоните.;https://www.avito.ru//moskva/drugie_zhivotnye/prodam_horkov_devochek_913818368
Хорек с клеткой;10000р.;"Продам хорька молодого (1,5года), ручного, социально адаптированного, не кусается, не кастрирован, запаха не имеет. 

Спокойно уживается с детьми и собакой. 

По ночам не шумит, много спит, мало бодрствует. Любит купаться, даже был на море. 

По потомству проверен на нескольких самках (7шт). 

Прививки сделаны по возрасту, включая бешенство. 

Вынуждены продать с связи с переездом.";https://www.avito.ru//moskva/drugie_zhivotnye/horek_s_kletkoy_2213501437
Хорята привиты с доставкой из питомника;7000р.;"Мальчики и девочки, привиты, ветпаспорт прилагается, лоток на пять, есть доставка, окрас соболь, тип Мишки, ласковый и игривый. Видео по запросу. В питомнике есть и другие малыши. Больше информации в профиле. 

Цены от 5000 руб.

Профи питомник.";https://www.avito.ru//moskva/drugie_zhivotnye/horyata_privity_s_dostavkoy_iz_pitomnika_1969288015
Щенки хорька клубные;10000р.;"Щенки-самки рождения 28.02.2021, чипированы, документы: метрика, ветпаспорт, договор купли-продажи, акт приема-передачи. 
Выращены на натуральных кормах. Социализированы. 
В клетке с горшком дружат.";https://www.avito.ru//moskva/drugie_zhivotnye/schenki_horka_klubnye_2110689368
Хорьки есть кастрированные;р.;"По смс не переписываюсь. 
Малыши хорята от 30 дней Родители привитые, ручные, крупные. Цена разная в зависимости от животного. 
Щенки от профессионального заводчика с полным последующим сопровождением. Ветпомощь обеспечивается. Видео по запросу. 
Выращены на натуральном корме. Мальчики есть кастрированные — не пахнут, не метят.";https://www.avito.ru//moskva/drugie_zhivotnye/horki_est_kastrirovannye_2106994247
Хорек вязка;1000р.;Опытные мальчики приглашают на вязку девушек. Выведем из течки. Пожалуйста пишите в Вотсапе.;https://www.avito.ru//moskva/drugie_zhivotnye/horek_vyazka_2117836939
Хорьки шампань из Профи питомника;8000р.;"Предлагаем малышей шампань. Очень красивые, нежный окрас, ручные. привита по возрасту. ветпаспорт прилагает. Доставка. В питомнике есть и другие малыши. К лотку приучены, цены разные, стандарты и экзоты. 

Цена указана минимальная, зависит от окраса. Видео по запросу. 

Профи питомник.";https://www.avito.ru//moskva/drugie_zhivotnye/horki_shampan_iz_profi_pitomnika_1937233780
Хорёк с доставкой из питомника привит;20000р.;"Предлагаем мальчика, кукольный, ласковый, с шикарной шерстью, привит полностью, ветпаспорт прилагается. Доставка. Лоток на пять, подходит для детей. Видео по запросу. В питомнике есть и другие малыши. Больше информации в профиле. 

Профи питомник.

Цены от 7000 руб. Девочки и мальчики. Экзоты и стандарты. 

Звоните.";https://www.avito.ru//moskva/drugie_zhivotnye/horek_s_dostavkoy_iz_pitomnika_privit_1969655196
Хорьки;3500р.;Симпатичные игривые малыши, возраст 1,5 месяца, окрас серый, мальчики 3500, девочки 3000.;https://www.avito.ru//moskva/drugie_zhivotnye/horki_1763961780
Хорьки с доставкой из питомника с ветпаспортом;10000р.;Предлагаем деток от 45 дней и старше, привиты, ветпаспорт прилагается. Доставка есть. Видео каждого по запросу, кушают мясо и сухой корм, лоток на пять, игривые, плюшевые детки. дружат с кошками и маленькими собаками. В питомнике есть выбор хорьков, стандарты и экзоты. Больше информации в профиле. Цены разные, зависит от окраса.;https://www.avito.ru//moskva/drugie_zhivotnye/horki_s_dostavkoy_iz_pitomnika_s_vetpasportom_2001014639
Хорьки из питомника с доставкой привиты;7000р.;"Предлагаем девочек и мальчиков, цены разные. Привиты полностью. приучены к лотку, ветпаспорт прилагается. подходит для детей. Есть доставка, оплачивается отдельно, в питомнике есть и другие малыши. Видео по запросу, больше информации в профиле. Цена разные. вопросы по телефону. 

К нам можно приехать в любой день недели, звоните.

Профи питомник.

Цены от 7000 руб.";https://www.avito.ru//moskva/drugie_zhivotnye/horki_iz_pitomnika_s_dostavkoy_privity_1969138532
Хорьки вязка;1500р.;Хорьки-красавцы приглашают милых дам.;https://www.avito.ru//moskva/drugie_zhivotnye/horki_vyazka_2062839932
Вязка хорьков (2 самца);700р.;"Предлагается для вязки 2 молодых, здоровых, многодетных самца хорька, без вредных привычек и не требующих алиментов в виде щенков! Привиты, проглистогонены! Окрас: Светлая пастель, полуангора, Тёмная пастель(еле заметная масочка), полуангора. Вязка с двумя самцами ( ассорти) — 1000 р. Ждут хорошеньких и смазливых дамочек к себе в гости ( только на свою территорию!) на 2-3 суток. Дают хорошеньких, здоровых медвежат, как и они сами!)) Сами Хорьки Не Продаются! Любую рекомендацию и помощью в дальнейшем от себя гарантирую! 
От Вас требуется: Дама в течке, еда на время в гостях у жениха. 
Оплата в день обращения к жениху)).";https://www.avito.ru//moskva/drugie_zhivotnye/vyazka_horkov_2_samtsa_2088508335
Самка;8000р.;"Хорёк Варя. 2 года. 
Отдам в хорошие руки. 
Самка не стерилизованная, 2 приплода в год. 
Спокойная, добрая, не кусается. 
Кушает корм N&D Premium с гранатом для котят. 
Живет в клетке, любит гулять.";https://www.avito.ru//moskva/drugie_zhivotnye/samka_2205025279
Хорьки 1,5 мес;5000р.;Продаются хорята. Возраст 1,5 мес. Ласковые, дружелюбные зверьки. Приучены к лотку. Не кусаются. При желании помогу в подборе клетки.;https://www.avito.ru//moskva/drugie_zhivotnye/horki_15_mes_2148687447
Клубный хорек Игнат;13000р.;"Продается хорек питомника Happy Ferret редкого и очень интересного окраса Titan roan marked. Дата рождения 23 апреля 2021 года. Если Вы заскучали, то Игнат Вас обеспечит, я ручаюсь, непередаваемыми эмоциями и пробудит интерес к жизни, он энергичен, подвижен, игрив, настырен, умен и шустрый, как электровеник. Игнат выращен на натуральном сбалансированном питании — курице, индейки, цыплятах, фаршекаши — с добавлением необходимых витаминов и минералов, чипирован. Воспитан в квартирных условиях, не грызет и не портит вещи, знает лоточек, приучена к режиму. На актировке получил оценку выращивания ""отлично"", обработан от глистов и паразитов. Очень контактен и лоялен к человеку. Продаётся с пакетом необходимых документов и консультацией от заводчика и клуба лицам старше 21 года. Больше информации о хорьках на нашем официальном сайте — просто наберите в любом поисковике «питомник Счастливый хорёк» или в нашей группе в ВК и профиле инстаграм.";https://www.avito.ru//moskva/drugie_zhivotnye/klubnyy_horek_ignat_2207082018
Хорьки из Профи питомника;7000р.;"Предлагаем хорят, разного окраса и возраста, от 45 дней. Много видео. Привиты, ветпаспорт прилагается. Доставка по всему миру. Стандарты и экзоты, лоток на пять. Цены разные, указана минимальная. Приехать к нам можно в любой день недели. 

Соболя от 7000.

Шампань и корица 15000.

Экзоты от 10000.

Видео каждого по запросу. 

Звоните. 

Профи питомник.";https://www.avito.ru//moskva/drugie_zhivotnye/horki_iz_profi_pitomnika_1745200284
Хорята с доставкой из питомника привиты;8000р.;"Предлагаем хорят, игривые, забавные малыши, привиты, ветпаспорт прилагается, лоток на пять, кушают мясо и сухой корм. Видео по запросу. В питомнике есть и другие малыши. Больше информации в профиле. Много видео. Доставка или можно приехать лично в питомник. С собой обязательно иметь маску и одноразовые перчатки. 

Цены от 7000 руб.

Профи питомник.

Большой выбор малышей. 

Звоните.";https://www.avito.ru//moskva/drugie_zhivotnye/horyata_s_dostavkoy_iz_pitomnika_privity_2001552543
Хорек;4500р.;"Рождена 01.03.2021, хорошая девочка, не кусается, игривая, ходит Только в лоток, есть мясо сырое и вареное, проглистогонена. Резину Не Грызет, По Дому Ничего Не Таскает.
Пишите, расскажу как ухаживать.";https://www.avito.ru//moskva/drugie_zhivotnye/horek_2235212453
Хорек;7000р.;Хорек с клеткой, ходит в лоток. Только в очень добрые руки.9 месяцев девочки. Продаю т. к родился ребёнок.;https://www.avito.ru//moskva/drugie_zhivotnye/horek_2209369821
Малыши еноты;8000р.;"4 месяца.
Самцы и самки.
Вольерные.
Не ручные, но приручить можно, очень контактные.";https://www.avito.ru//moskva/drugie_zhivotnye/malyshi_enoty_2115880775
Хорьки из Профи питомника привиты с доставкой;8000р.;"Предлагаем деток разного окраса от 45 днейв, привиты, доставка, лоток на пять. стандартного и экзотического окрасов. дружат с другими домашними животными. Видео по запросу. Ветпаспорт прилагается. в питомнике есть и другие малыши. Больше информации в профиле. на фото экзот мальчик, цена указана на него. 

Привиты, ветпаспорт прилагается.

От 45 дней.

Есть подростки, Тедди тип. 

Цены разные, от 8000 руб.

Доставка по всему миру.";https://www.avito.ru//moskva/drugie_zhivotnye/horki_iz_profi_pitomnika_privity_s_dostavkoy_2001575173
Хорьки привиты с доставкой из питомника;10000р.;"Предлагаем супер малышей, разные окрасы, цены от 7000 руб. Стандарты и экзоты. От 45 дней, продаются только с прививкой и ветпаспортом, есть взрослый самец на продажу, экзот. Доставка есть или можно приехать лично в питомник. Консультации, много видео, звоните. 

Профи питомник.";https://www.avito.ru//moskva/drugie_zhivotnye/horki_privity_s_dostavkoy_iz_pitomnika_2193261810
Вязка хорька;1р.;Самец Жорик, очень весёлый и позитивный, встретится с самочкой.;https://www.avito.ru//moskva/drugie_zhivotnye/vyazka_horka_1770697450
Хорёк;5000р.;Хорёк мальчик очень играет очень любит детей играет мячик ему 1.5 года отдам в добрые руки паспорт есть.;https://www.avito.ru//moskva/drugie_zhivotnye/horek_2195383518
Хорек;р.;Приму хорька в добрые руки.;https://www.avito.ru//moskva/drugie_zhivotnye/horek_2144256756
Хорек 1.5 года кастрирован;3000р.;В связи с переездом продам хоречка мальчика 1.5 года, приучен к лотку. Любит гулять на улице, активный, веселый, любит играться. Выпускаем в комнате, мебель не портит, играется с кошкой. Очень ласковый и милый, не кусается. Любит сидеть на ручках. Свободно беает по квартире, никогда ничего не грыз. С клеткой, гамачком и поилкой плюс 1500 руб. Ест сухой корм для котят. Живу от метро в 2-х минутах ходьбы.;https://www.avito.ru//moskva/drugie_zhivotnye/horek_1.5_goda_kastrirovan_2166443899
Свободные щенки питомника;15000р.;"""Honey History"" Питомник Хорьков.

Девочкa Tитaния окрaс Шоколад митт, пoлуангoрa. Дaта рoждения 27.05.2021.

2,5 меcяцa. 

Koмплeкт дoкументов, чипирoванa. 

Bcе щенки нашего питомника проxoдят cоциализацию c челoвекoм. Выpащиваютcя на мясe с добaвлeниeм витаминов и минеpaлов (котoрые мы даём c cобой на веcь периoд рoстa щенка). Приучабюются к кошачему лотку. От вас корректировка в новом доме под рекомендации заводчика, который с вами на связи 24/7.";https://www.avito.ru//moskva/drugie_zhivotnye/svobodnye_schenki_pitomnika_2174436291
Хорёк экзот с доставкой из питомника;20000р.;"Предлагаем мальчика экзот, шикарный, очень красивый, крупный, лоток на пять, кушает сухой корм и мясо, привит, ветпаспорт прилагается, видео по запросу, в питомнике есть и другие малыши, цены разные, доставка, больше информации в профиле. В объявлении указана минимальная цена.

Профи питомник.

Если обявление на сайте, оно актуально. Звоните. 

Доставка.

В продаже экзоты и стандарты, от 7000 руб.";https://www.avito.ru//moskva/drugie_zhivotnye/horek_ekzot_s_dostavkoy_iz_pitomnika_2001568609
Хорек;15000р.;"Ищите xopя, выpащeннoго с любовью? Питомник xоpьков ""Из Pусcкoй скaзки» гoтов oтпуcтить дoмой мартовских детишек: 
литера ""У"": 
Ульян, Уклад — стандарт, родились 20 марта 2021 года. Прыгучие недоросли, любяшие почесушки и копаться в воде. 
литера “Ф"": 
Финис Ясный Сокол — стандарт, oкрac перламутр marked. Родился 27.03.2021года. 
Заводчик Алевтина. 
литера"" Ш"": 
Шладкий нос, Шрек, Шах и Мат — стандарт, Окрас золото, родились 24.04.2021 года. 
Малыши раcтут на нaтуpальныx рaционaх, чипирoваны, oбработаны от паразитов, привиты, имеют комплект клубных документов. Мохнатые живут в Щёлково, но по договорённости в рабочие дни, знакомство с пацанами и их мамами возможно в Москве. 
Наши заводчики имеют профильное образование, а производители- успешные выставочные карьеры. Мы работаем с линиями собственной селекции и кровями лучших питомников Европы. Торопитесь забронировать малышей. 
Сопровождение гарантируем пожизненное- консультации по питанию и воспитанию, поможем подобрать клетку, инвентарь, обустроить быт. Дружный клуб с множеством возможностей для активных хозяев. 
Мы не продаем хорей детям и финансово не самостоятельным лицам, а также хорей в подарок. Договор и строгое отслеживание судьбы. 
Цены разные и обсуждаются индивидуально! Больше фото- на сайте питомника. 
С уважением, питомник ""Из Русской сказки"".";https://www.avito.ru//moskva/drugie_zhivotnye/horek_2163480424
Наименование;Цена;Описание;URL адрес
Хорек митт;13000р.;"Ищите хорька, выращенного с любовью? 

В питомнике «Из Русской сказки»готовятся к переезду детки литеры Ю! 

Юра Гагарин- перламутр-13 000.

Ю-хуу — стил митт 13 000.
Ю-Питер — стил митт 17 000.
Юсуф — стил митт 17 000.

Детки находятся в Москве, м. Некрасовка, готовы будут ехать домой с 6.06.2021. 

Малыши растут на натуральных рационах, чипированы, обработаны от паразитов, имеют комплект клубных документов, заводчик имеет профильное образование, а производители- успешные выставочные карьеры. Мы работаем с линиями собственной селекции и кровями лучших питомников Европы. 
Мы сопровождаем и консультируем хозяев своих деток по питанию, воспитанию и содержанию пожизненно! 
Торопитесь забронировать малышей. 

Ищите наш сайт, ютюб канал и соц. сети!";https://www.avito.ru//moskva/drugie_zhivotnye/horek_mitt_2151544663
Хорьки привиты из питомника с доставкой;10000р.;"Предлагаем девочек и мальчиков, ласковае и очень красивые, Привиты, ветпаспорт прилагается, есть доставка, оплачивается отдельно. Лоток на пять, кушают сухой корм и мясо. В питомнике есть и другие малыши. Больше информации в профиле. Видео по запросу. 

Такого же окраса есть мальчики дью и дью корица. См профиль. 

И другие малыши, окрасы стандарты и экзоты, в том числе дью, с голубыми глазами. 

Цены разные, от 7000 руб.";https://www.avito.ru//moskva/drugie_zhivotnye/horki_privity_iz_pitomnika_s_dostavkoy_1969519591
Хорьки привиты с доставкой из питомника;20000р.;Предлагаем шикарных хорят, редкий окрас, тип Мишки. Есть и другие малыши, стандарты и экзоты, лоток на пять, привиты, ветпаспорт прилагается, доставка или можно приехать лично. Профи питомник, консультации. Цены от 5000 руб. Много видео каждого, звоните.;https://www.avito.ru//moskva/drugie_zhivotnye/horki_privity_s_dostavkoy_iz_pitomnika_2193689684
Хорек;9000р.;Продам, хорька девочку, возраст 2 года, не стерилизована, был один приплод, даёт шикарных, крупных и здоровых малышей, подойдёт для разведения и просто для души, приучена к рукам, может жить как в клетке, так и свободно передвигаясь по квартире как кошка, приучена к шлейке и прогулке на поводке, отлично ладит с мелкопородными собаками, кошки почему-то её боятся и уходят сами подальше, цена 9000, по всем дополнитеным вопросам звоните.;https://www.avito.ru//moskva/drugie_zhivotnye/horek_2177429457
Хорята из Профи питомника с доставкой;15000р.;"Предлагаем малышей хорька, привиты, ветпаспорт прилагается. Доставка по всему миру. Лоток на пять. Кушают сухой корм и мясо. Видео по запросу. В питомнике есть и другие малыши. цены разные. Девочки и мальчики, от 30 дней и старше. Больше информации в профиле. Вопросы по телефону. 

Доставка.

Профи питомник, звоните.";https://www.avito.ru//moskva/drugie_zhivotnye/horyata_iz_profi_pitomnika_s_dostavkoy_2065768862
Хорек с доставкой из питомника;8000р.;"Предлагаем малышей, стандарты и экзоты, полностью привиты, ветпаспорт прилагается, ласковые и ручные, лоток на пять. Кушают сухой корм и мясо, крупные, широкие, в типе Мишки, видео по запросу. Есть доставка. Больше информации в профиле. 

Цены от 7000 руб.

Видео каждого малыша по запросу.

Профи питомник.";https://www.avito.ru//moskva/drugie_zhivotnye/horek_s_dostavkoy_iz_pitomnika_1969540775
Хорята привиты с доставкой из питомника;15000р.;"Предлагаем мальчиков и девочек, экзоты и стандарты, голубые глаза, необычный окрас, лоток на пять, кушают сухой корм и мясо, привиты, ветпаспорт прилагается. Доставка по всему миру. Видео каждого по запросу. в питомнике есть и другие малыши, цены разные, зависят от окраса. профи питомник. Больше информации в профиле и по телефону. 

Цены от 7000 руб, зависят от окраса.";https://www.avito.ru//moskva/drugie_zhivotnye/horyata_privity_s_dostavkoy_iz_pitomnika_2064994902
Хорьки красные из питомника с доставкой;10000р.;"Предлагаем племенного самца, красный соболь, цена указана на него, (Продан). Есть щенки от него. Фрязино Молосс Магнуст. 

красные малыши, мальчики и девочки в наличии. Заоните. 

Предлагаем экзот мальчика взрослого, фото и видео по запросу, редкого окраса, очень красивый и ласковый. С зелеными глазами. 

Полностью привиты. Ветпаспорт прилагается. Доставка. Видео по запросу. В питомнике есть и другие малыши. продаются только привитыми, лоток на пять, полноценное кормление. консультации по выращиванию. Больше информации в профиле. или по телефону. 

Доставка по всему Миру.

Профи питомник. 

Щенки от 45 дней, продаются только с прививкой и ветпаспортом. Звоните, много видео, консультации по содержанию.";https://www.avito.ru//moskva/drugie_zhivotnye/horki_krasnye_iz_pitomnika_s_dostavkoy_1969234383
Хорек;7000р.;Хорек самец 6 мес. Ласковый не кусается. Есть доставка.;https://www.avito.ru//moskva/drugie_zhivotnye/horek_2086224764
Ищем жениха для хорька;500р.;Девочка хорёк альбинос ищет жениха.;https://www.avito.ru//moskva_zelenograd/drugie_zhivotnye/ischem_zheniha_dlya_horka_2205057914
Клубный хорек Иллюзия;10000р.;"Объявлен кастинг на роль родителей моего любимого щенка Иллюзии, она же Зюзя, Зюма, Зина, Зоя…. Необыкновенная красавица — брюнетка с синими глазами и белыми бровями).
Зюзю родилась 23 апреля 2021 года, уже чипирована, обработана от глистов и клещей, приучена к лотку. Аккуратна, ничего не грызёт, но по характеру прям бестия. Выращена на натуральном мясе с добавлением всех необходимых минералов и витамином, но поясню, как перейти на сухой корм. И вообще — поддержка и консультациии заводчика гарантируются, как и полный пакет документов. Для Москвы и области в цене уступлю при самовывозе)).
Ну кому любимку домой?)))).
Ещё больше о хорьках и свободных щенках Вы можете узнать, набрав в строке поиска любого браузера «питомник Счастливый хорёк» И звоните — я помогу с выбором.";https://www.avito.ru//moskva/drugie_zhivotnye/klubnyy_horek_illyuziya_2175886342
Хорьки из питомника с ветпаспортом с доставкой;10000р.;"Предлагаем хорьков мальчики и девочки, стандарты и экзоты, лоток на пять, привиты, ветпаспорт прилагается. Доставка или можно приехать лично в питомник. Кушают сухой корм и мясо. Ласковые и игровые. Большой выбор. 

Много видео каждого.

Консультации по выращиванию.

Цены от 7000 руб.

Тип Мишки. Звоните.";https://www.avito.ru//moskva/drugie_zhivotnye/horki_iz_pitomnika_s_vetpasportom_s_dostavkoy_2161840721
Хорьки привитые из питомника с доставкой;8000р.;Предлагаем малышей хорька, также есть два подростка экзота. Цены разные, все животные привиты, продаются только с ветпаспортом, лоток на пять, ласковые, контактные, профи питомник, цены от 5000 руб, зависят от окраса. Тип Мишки, много видео, доставка по всему Миру, также можно приехать лично в питомник, видео по запросу. Звоните, консультации по содержанию. Опыт.;https://www.avito.ru//moskva/drugie_zhivotnye/horki_privitye_iz_pitomnika_s_dostavkoy_2161627511
Хорьки из питомника привиты с доставкой;8000р.;"Питомник предлагает шикарных хорят. Очень красивые, тип Мишки, Привиты, ветпаспорт прилагается. Доставка по России и миру, оплачивается отдельно. В питомнике есть и другие малыши. Разные окрасы, стандарты и экзоты. 

Видео по запросу. Больше информации в профиле. или по телефону. 

Профи питомник, консультации.

От 45 дней, только привитые с ветпаспортом. 

Цены от 5000 руб. Звоните.";https://www.avito.ru//moskva/drugie_zhivotnye/horki_iz_pitomnika_privity_s_dostavkoy_1969454260
Хорек щенки;12000р.;"Ищите хорька, выращенного с любовью? 

В питомникаууу «Из Русской сказки»готовятся к переезду детки литеры Э.

Фото 1- мама и папа.
Фото 2- девочки- проданы.
Фото 3- мальчики.

Цены — от 12 до 17 тр.

Детки находятся в Москве, м. Некрасовка, готовы будут ехать домой с 6.06.2021. 

Малыши растут на натуральных рационах, чипированы, обработаны от паразитов, имеют комплект клубных документов, заводчик имеет профильное образование, а производители- успешные выставочные карьеры. Мы работаем с линиями собственной селекции и кровями лучших питомников Европы. 
Мы сопровождаем и консультируем хозяев своих деток по питанию, воспитанию и содержанию пожизненно! 
Торопитесь забронировать малышей. 

Ищите наш сайт, ютюб канал и соц. сети!";https://www.avito.ru//moskva/drugie_zhivotnye/horek_schenki_2151547162
Хорьки привиты с ветпаспортом из питомника с доста;10000р.;"Питомник предлагает малышей в типе Мишки. упитанные и очень костистые, с красивыми широкими головами. Разные окрасы, от стандартов до экзотов. шампань, корица, дью, панды, очень светлая шампань, митты и другие. Больше информации в профиле. Есть доставка, оплачивается отдельно. Или можно приехать к нам лично и выбрать малыша. 

Цены от 7000 руб. Профессиональное выращивание. Малыши привиты, приучены к лотку, ветпаспорт прилагается, ручные, подходят детям. 

Много видео.

Профи питомник.

Есть взрослый самец на продажу, экзот, 20000 руб. Очень крупный.";https://www.avito.ru//moskva/drugie_zhivotnye/horki_privity_s_vetpasportom_iz_pitomnika_s_dosta_1969542237
Хорьки из Профи питомника с доставкой;8000р.;"Питомник предлагает хорят разных окрасов в типе Мишки, привиты, Ветпаспорт прилагается. приучены к лотку и пеленки, доставка по России и Миру. стандарты и экзоты, дью, панды, митт, корица и другие. Видео по запросу. Больше малышей в профиле. цены разные. кушают мясо и сухой корм. вопросы по телефону. 

Профи питомник.";https://www.avito.ru//moskva/drugie_zhivotnye/horki_iz_profi_pitomnika_s_dostavkoy_1969674893
Хорек в добрые руки;4000р.;"Продою хорька в добрые и ласковые руки. Продаю в связи с нехваткой времени, так как весь день то на учебе, то на работе. Его зовут Арчи и ему 3 года. 
Кастрированный и шустрый малыш. Очень любит целоваться, лазать в разные норки и отверстия. До безумия умное животное. Умеет плавать и любит мыться в тёплой воде. Игривый и озорной парень. Очень любит свой гамак, поэтому он идёт с ним в комплекте. Не любит лотки, но ходит в один угол. Любит покушать! За банан и виноград, продаст вам душу, так же любит мякоть огурца. 
Всегда кормила его только натуральной пищей ( желудки, сердечки, печень, мясо в любом виде (свинину нельзя), никаких кормов. Часто ходим с ним гулять на улицу (в шлейке, которая так же с ним предлагается). Если он нагулялся, то забирается по ноге на руки. Когда его кормить он сам вам покажет (если он хочет кушать, то начнёт носиться по клетки, прыгать с жёрдочки на жёрдочку, привлекать внимание). Спокойно переносит дорогу ( перевозим его в комфортной переноске, главное не кормить перед дорогой; переноска так же идёт с ним в комплекте). Забирается и пролезает куда угодно, по этому за ним только глаз да глаз. С кошками не уживается, так как начинает их гонять, нападать и хватать за уши. Не кусается, даёт гладить себя, но с такой энергичностью на руках не всегда усиживается (сидит только когда устаёт). Вещи не таскает как некоторые хорьки. Остальные подробности и дополнительные фото и видео по телефону.";https://www.avito.ru//mytischi/drugie_zhivotnye/horek_v_dobrye_ruki_2231695163
Хорьчата;5000р.;Хорьчата малыши. Окрасы разные. Звоните.;https://www.avito.ru//lyubertsy/drugie_zhivotnye/horchata_2148784919
Хорек;р.;"В ответственные и добрые руки, предлагаю преобрести замечательного зверька, который не требует постоянного внимания, те кто очень занят или много работает, тогда щенок хорька вам полностью подходит. 
Эти забавные и игривые зверьки принесут радость и позитив в ваш дом. Щенки ручные и домашнии. По содержанию и уходу. проконсультируем. 
2 мальчика, 2 девочки.
Родились 3 июля 2021 года. 
Кушают сами, куриные желудочки, сердечки, фаршекаши, сухой корм. 
В туалет ходят на тряпочку. Живут в комнате.";https://www.avito.ru//podolsk/drugie_zhivotnye/horek_2219053605
Хорек с клеткой и вещами. Возможен торг;10000р.;"Отдаю хорю, девочка, 1 годик, стерилизованная. 
Отзывается на ""гутя-гутя"" и ""Буся"". Не агрессивная, очень любит играть. Может прикусить во время игры, но не больно. 
Вместе с ней отдаю большую клетку с полочкой, размеры: ширина 80х50 см, высота вместе с поддоном 70 см, глубина поддона 15 см. 
Помимо клетки также отдаю плед, который лежит поверх клетки, для защиты от искусственного света, складной игровой тоннель из икеи, лопатку для уборки экскрементов, лоток с сеткой, гамак, большой домик с поддоном и подушкой внутри, ножнички для обрезания когтей, 3 металлические миски, большую стеклянную поилку с индикатором, а также множество разнообразных игрушек.

Только самовывоз, так как клетка крупногабаритная.

Писать лучше на ватсап, можно в любое время.

Возможен торг.";https://www.avito.ru//balashiha/drugie_zhivotnye/horek_s_kletkoy_i_veschami._vozmozhen_torg_2233998099
Хорек;5000р.;"Хорёк мальчик.
Ему почти 2 месяца.
Сам кушает ходит в лоток.
Ищет себе любящих хозяев.
Нахожусь во Гжели возможна доставка.";https://www.avito.ru//elektrostal/drugie_zhivotnye/horek_2241879982
Племенной зверосовхоз Салтыковский 2021;4000р.;"Племенной молодняк, пушных зверей 2021.
(1)( клеточного содержания) -порода Салтыковская 1 Самка 15 000руб. цена 1 голову., (руб) Самец 18 000. руб. 
(2)( клеточного содержания) — оригинального окраса Полуфабрикат 1 голова, Самка 20 000руб. цена 1 голову., (руб) Самец 23 000. руб.
(3)Норка-( клеточного содержания). Самка. Самец.
Сканблэк. 4 000. 5 500руб.
Серебристо-Голубые 4500 5500руб.
(4)Сурок, ( клеточного содержания) до 2 лет 20 000руб.
Сурок, старше 2 лет 10 000руб.
(5)Дикие кошки ( клеточного содержания)100 000-110 000руб.
(6)Енот полоскун ( клеточного содержания) 10 000руб.
(7)Барсук ( клеточного содержания) (самец) 25 000руб.";https://www.avito.ru//balashiha/drugie_zhivotnye/plemennoy_zverosovhoz_saltykovskiy_2021_2209763738
Хорек;7000р.;"Хорёк мальчик не кастрирован.
Около 2-х лет.
Отдам с клеткой со всеми вещами.";https://www.avito.ru//podolsk/drugie_zhivotnye/horek_2204544383
Хорьки домашние;2500р.;Продаю хорьков клубного разведения различного окраса, возраст от 2,5 мес. Все животные ухожены, не прихотливы в еде, быстро привыкают к хозяину и легко адаптируются к новой окружающей среде. Консультации по содержанию. Возможна доставка. Так же предлагаю для ваших питомцев: клетки, корма и многое другое.;https://www.avito.ru//scherbinka/drugie_zhivotnye/horki_domashnie_259649899
Хорьки;4000р.;"Отдам малышей в хорошие руки. 
Осталась 1 девочка. 
Кушают сами, к лотку приучены. 
Родились 1.06.2021. Готовы у переезду. 
Фото и видео в личку).
Последние фото мама и папа.";https://www.avito.ru//himki/drugie_zhivotnye/horki_2173742946
Хорек;10000р.;Хорек девочка, ручная, не кусается.;https://www.avito.ru//kotelniki/drugie_zhivotnye/horek_2205203424
Ручной хорек альбинос 9 месяцев с клеткой;7000р.;"Цена актуальна 2 дня. Потом уезду. По возвращению цена будет выше.

Хорек ручной, дети с ним играют, выводят гулять. Ребенок купил без ведома родителей. А у меня аллергия на него. Не кусается, любит купаться, бегает по комнате. 
Клетка большая просторная с гамаком, поильником. Запас корма. Шлейка.";https://www.avito.ru//balashiha/drugie_zhivotnye/ruchnoy_horek_albinos_9_mesyatsev_s_kletkoy_2221839873
Хорек;4000р.;Роскошный щенок-девочка. Родилась 01.07. Адаптирована к людям и домашней жизни, приучена к лотку, к сожалению ещё не воспитана, но всё в Ваших руках. Отдам действительно желающим.;https://www.avito.ru//himki/drugie_zhivotnye/horek_2179547819
Хорьки;3500р.;"Рождение 20 июля. Остался мальчик постельно цвета. Очень ласковый. Уже кушает. И готов к переезду. У самих деток прививок и каких либо документов нет. Вакцинация хорьков проводится в 3-4 месячном возрасте, когда зубы животного полностью сформируются, а иммунитет укрепится. 

Прививать зверька раньше времени не рекомендуется, из-за повышенной.

подверженности различного рода заболеваниям и неспособности организма противостоять им. Прививать хорька в позднем возрасте можно, но каждый прожитый без вакцины день таит в себе угрозу для его здоровья. только писать смс в авито не звонить. отвечаю в течение дня.";https://www.avito.ru//balashiha/drugie_zhivotnye/horki_1919336377
Ищем Самку для вязки;р.;Ищем самку.;https://www.avito.ru//moskovskaya_oblast_krasnogorsk/drugie_zhivotnye/ischem_samku_dlya_vyazki_2174600159
Хорек;4500р.;"Племенные животные, прекрасная родословная. Родители в постоянных отношениях 2 года, привитые, росли в одной семье. По предыдущим щенкам ни одного нарекания. Все абсолютно здоровые и жизнерадостные малыши. Щенки приучены к лотку. В наличии 2 девочки. 
Домашний хорек, Mustela putorius furo — воришка или хитрец. Сообразительные и хитрые, но невероятно дружелюбный зверь. Но самое важное помнить: ""Вы В Ответе ЗА Того Кого Приручили"" Если Вы готовы, Welcome.";https://www.avito.ru//himki/drugie_zhivotnye/horek_2204129689
Хорек вязка;1000р.;Мальчик ждёт девочку в гости. Не продаётся только вязка.;https://www.avito.ru//korolev/drugie_zhivotnye/horek_vyazka_2079420160
Хорек;500р.;Мальчик ищет подружку! 2 года, прививки есть.;https://www.avito.ru//podolsk/drugie_zhivotnye/horek_1869534387
Хор?к;3500р.;"Родились 14.08.
В конце недели откроют глазки и можно забирать.
4 мальчика (один белый).
2 девочки.
Здоровые, к жизни хорька мамой приучины.";https://www.avito.ru//serpuhov/drugie_zhivotnye/hork_2232104629
Хорек;5000р.;"Род млекопитающих семейства куньих. Кроме собственно хорьков, к этому же роду хищников относятся европейская норка, ласка, горностай и длиннохвостая ласка. Три вида, в Евразии и Северной Америке; в России два вида: лесной или тёмный хорь и степной или светлый, хорь. 

Самец — 12 месяцев.";https://www.avito.ru//lytkarino/drugie_zhivotnye/horek_2220348464
Хорек;4000р.;Возраст около 1.5 года. Привозили с Москвы, чтобы осеменил нашу девочку. Девочка родила, нас слишком много стало. Сегодня делали прививку.;https://www.avito.ru//aleksandrov/drugie_zhivotnye/horek_2157407658
Хорёк;р.;Возьму хорька в добрые руки.;https://www.avito.ru//podolsk/drugie_zhivotnye/horek_2169256576
Хорек;5000р.;"Продаются хоречки! 
Родились 17.07.21.
5000 за одного.
Все мальчики.
Находимся во гжеле.
Есть доставка.";https://www.avito.ru//bronnitsy/drugie_zhivotnye/horek_2221633311
Вязка хорьков (2 мальчика);700р.;"Это Не Продажа! Только Для Вязки! Молодые, красивые, энергичные и многодетные самцы хорька с густой блестящей шерсткой приглашает даму сердца на свою территорию на 2-3 суток. Опыт в любви имеется.))) Самцы здоровы, привиты, проглистогонены. Окрас: Светлая пастель ( медвежьего типа) и Темная пастель ( еле заметная масочка). Выведут из течки даже привередливую даму, а также сделает ей красивых малышей)) Вызка ассорти-( поочередно сначала с темной пастель, затем со светлой пастель) — 1000р. Сами Хорьки Не Продаются! Фото потомства покажу на месте или по запросу.)).
От Вас: самочка в течке и еда на время пребывания у самца в гостях!)) Оплата за вязку в день обращения.";https://www.avito.ru//ramenskoe/drugie_zhivotnye/vyazka_horkov_2_malchika_1130932489
Вязка хорьков экзоты (3 мальчика);5000р.;Красивый, брутальный, многодетный очень крупный и благородный самец хорька предлагается для вязки на 2 — 3 дня. Мальчик белого цвета: окрас: Дью с зелёными глазами, шерсть: полуангора, медвежьего типа. Цена 5000. И самец хорька интересного окраса: Сильвер Митт, тип шерсти: полуангора, с голубыми глазами. Цена 2 000. Молодой, крупный самец медвежьего типа, развязан, предлагаю для вязки, тип шерсти: полуангора, окрас: Сильвер Митт. Цена 2000. Три самца невероятно красивые, обаятельны, и конечно же привлекательны!)) Проглистогонены, три мальчика здоровы! Если же Вам понравились женихи для Ваших принцесс, звоните, пишите с 12 до 22. Сами Хорьки Не Продаются! Речь Идет Только О Вязке! От Вас: Еда для самочки на три дня и самка в течке)) Оплата Только наличными в день приезда самочки в гости!;https://www.avito.ru//ramenskoe/drugie_zhivotnye/vyazka_horkov_ekzoty_3_malchika_1849741305
Хорек;3000р.;Хорёк в добрые руки, очень ласковый игривый мальчик Федя.;https://www.avito.ru//zvenigorod/drugie_zhivotnye/horek_2169449293
Воспитанные маленькие хорьки;12000р.;"Кому мальчиков-зайчиков? С прекрасным аппетитом, с хорошим поведением, игривые и ласковые. Один спокойный и рассудительный, другой веселый и активный. Мальчики на любой вкус. 

Детки родились 25 апреля 2021 г. Очень ищут себе родителей, готовы уехать в другой город. 

Хорьки клубные, с документами и поддержкой от заводчика.";https://www.avito.ru//sofrino/drugie_zhivotnye/vospitannye_malenkie_horki_2184227344
Подрощенный мальчик;10000р.;"Хотите хорька, но боитесь, что не справитесь с малышом? Не додадите витаминов или поведение не так сформируете? Тогда это предложение для вас. 

У меня остался последний из помета мальчик. ДР 18 февраля 2021. Клубный, с документами, воспитанный, знает правила хорошего тона, социализированный. Кушает мясо. 

Моя поддержка владельцам. Продажа жестко лицам старше 20 лет. 

Связываться лучше по ватсапп.";https://www.avito.ru//sofrino/drugie_zhivotnye/podroschennyy_malchik_2184559138
Вязка хорька;2000р.;"Одинокий мужчина ищет мадам для мимолетного увлечения, пригласит в гости и так же не против сходить в ""гости"".";https://www.avito.ru//ramenskoe/drugie_zhivotnye/vyazka_horka_2213140972
Хорек;3000р.;Малышам 38 дней. Есть мальчики и девочки. Более подробную информацию по телефону.;https://www.avito.ru//serpuhov/drugie_zhivotnye/horek_2221139785
Продам хорька;8000р.;Продам ручную девочку хорька, молоденькая, 1 годик. Любит целоваться, игривая. Стерилизованная. Продается с клеткой.;https://www.avito.ru//naro-fominsk/drugie_zhivotnye/prodam_horka_2156085600
Хорек;4000р.;Хорек, 8 месяцев, не кастрированный.;https://www.avito.ru//volokolamsk/drugie_zhivotnye/horek_1735061669
Хорек вязка;р.;красивый мальчик, ищет девочку для вязки.;https://www.avito.ru//sergiev_posad/drugie_zhivotnye/horek_vyazka_1885961321
Хорек;4000р.;Продам хорька, мальчик 3.5 мес… ручной, высыпалась аллергия у ребенка, есть клетка, абсолютно новая… цена отдельно.;https://www.avito.ru//rostov/drugie_zhivotnye/horek_2173929436
Хорек с клеткой рожден 08.04.2021;6500р.;По всем вопросам в сообщения.;https://www.avito.ru//ryazan/drugie_zhivotnye/horek_s_kletkoy_rozhden_08.04.2021_2193013136
Хорек вязка;500р.;"Развязан! Ручной, игривый, очень ласковый. 
Привитый, ничем не болел! Имеет потомство. 
Приглашаем дам на вязку, будем рады.
Время вязки занимает 2-3 дня! 
С собой иметь: 
1. клетку, переноску. 
2. корм.
3. поводок( если водите гулять).";https://www.avito.ru//orehovo-zuevo/drugie_zhivotnye/horek_vyazka_1709261018
Хорек;6500р.;"Предлагаю Хорьков. 
Самцы, самочки, цвет разный, возраст любой. 
Ветсправки, прививки — любое пожелание покупателей. 
Подробнее в ВК и инстагр. Zoopark333.
Есть клетки, корм, шлейки и переноски, лотки для туалета в клетку, игрушки и поилки. 
Все расскажем, объясним и поможем.";https://www.avito.ru//aleksandrov/drugie_zhivotnye/horek_725396885
Хорьки;4000р.;"Бронирование хорьков.
Родились 6 августа.
Отдавать будем в середине октября.
По всем вопросам пишите в Вотсапе.
Пообщаемся.
Только в добрые и заботливые ручки.";https://www.avito.ru//redkino/drugie_zhivotnye/horki_2211128165
Хорьки маленькие, клетки;5998р.;Продаём малышей 26 июля родились, пишите звоните отвечу и на все вопросы, могу отправить видео в ватсап, видео связь, очень ручные. Есть клетки. Цены от 6000 р.;https://www.avito.ru//ivanovo/drugie_zhivotnye/horki_malenkie_kletki_2223938274
Хорек;8000р.;"Всем доброго времени суток! 
Продаётся девочка, два месяца от роду! 
Очень игривая, симпатичная, для своего возраста уже крупненькая и умная! Пишите, могу прислать видео:3.";https://www.avito.ru//aleksandrov/drugie_zhivotnye/horek_2189830810
Хорек с клеткой;6500р.;Продам хорька 1,5 года самец. Дополнительные фото по запросу. Не кастрирован.;https://www.avito.ru//volokolamsk/drugie_zhivotnye/horek_s_kletkoy_2194294254
Хорек;14500р.;"Клубные детки прошли актировку и готовы ехать домой! 
мальчик Ярик — блэк сэйбл.
мальчик Я-Мир — соболь.
родились 13 июня 2021. Детки в Твери. 
Мальчишки чипированы, продаются с документами. Кушают ФК, приученые к лотку. 
На последнем фото моя девочка Знамюша, их мама.";https://www.avito.ru//tver/drugie_zhivotnye/horek_2236333751
Хорек. приглашает на вязку невест;500р.;Жених. ждёт в гости даму сердца на 2 дня!;https://www.avito.ru//kolomna/drugie_zhivotnye/horek._priglashaet_na_vyazku_nevest_2051322264
Хорек;3500р.;"Хорек девочка 1,5 годика. Игривая, ласковая, не кусается, очень добрая. Любит играть с котом и собакой. 
Дочь выпросила, наигралась (.";https://www.avito.ru//maloyaroslavets/drugie_zhivotnye/horek_2164732845
Хорек;р.;"Дорогие друзья, а вы знали, что с 2018 года в Рязани есть приют для хорьков?) Хорьки попадают туда по разным причинам, кого то нашли на улице, кого то отдали хозяева, которые не смогли справится с их игривым характером или по причине внезапной аллергии. Если вы поторопились приобрести этого непоседу и поняли, что хорек не ваше животное, свяжитесь с нами и мы обязательно заберём его. 
Так же Вы можете взять из Фонда на попечение хоречка, который ищет себе семью. 
Подробнее о нас можно узнать в Вконтакте, группа Фонд помощи хорькам ""Хорьки-Рязань"".";https://www.avito.ru//ryazan/drugie_zhivotnye/horek_2161499633
Малыши крепыши;500р.;Крольчата Серебро Франц Баран.;https://www.avito.ru//aleksandrov/drugie_zhivotnye/malyshi_krepyshi_1740168538
Хорек с клеткой;6000р.;Продаю красавца парня, 4месяца Очень добрый, игривый, не кусается. К лотку приучен.!. Также большая клетка, поилка, мисочка, 2лотка, шлейка с поводком для прогулки на улице.;https://www.avito.ru//tulskaya_oblast_donskoy/drugie_zhivotnye/horek_s_kletkoy_2215980665
Милые ласковые малыши хорьки;12000р.;Отправка в Кострому осуществляется поездом с проводником. Стоимость доставки 1500 (хорьки от 12,000). Все щенки с документами питомника и анализами. Посмотреть и выбрать хорят можно в группе питомника контакте или пишите в лс через авито ссылка на группы под видео.;https://www.avito.ru//kostroma/drugie_zhivotnye/milye_laskovye_malyshi_horki_570498466
Нутрий;1000р.;Продаю нутрий, 3 и 6 мес. и взрослые. цвет стандарт.3-4 месячные 1000 рублей взрослые по весу 1 кг. 700. смотреть кольчугинский район.;https://www.avito.ru//kolchugino/drugie_zhivotnye/nutriy_1185915507
Хорек;2000р.;Хорёк, 2 года, кличка Саша, ходит на лоток, кастрирован, есть все прививки, могу отдать с его медицинским паспортом.;https://www.avito.ru//tulskaya_oblast_donskoy/drugie_zhivotnye/horek_2228859665
Щенки хорька или норки;5500р.;"Читаем внимательно текст. Спасибо).
Бронирование щенков на 2022 год ( май-июнь).

Помогу вам подобрать со зверофермы маленького лояльного, без патологий щеночка, тем самым вы приобретете не только друга, но и спасете чью то маленькую жизнь — сделав этот день самым счастливым! (возраст от 45 дней).
- Подбор таких животных как хорек, норка (по возможности соболь и лиса). 
- Возможна доставка в другие города! 

В наличии всегда и мальчики и девочки, продаются строго под кастрацию, через анкетирование. 
Готова вам оказывать пожизненные консультации по содержанию, воспитанию, питанию, а если вы из Твери то вас ждут приятные встречи, совместные закупки и многое другое. 
Если вы не имеете опыта в содержании хорька или норки, но хотите его приобрести, я так же готова вам в этом помочь, но для начала вам стоит изучить минимальную информацию о таких животных. 
Ссылку на информацию о этих хвостиках вы можете попросить в личных сообщениях. 
Людей младше 21+ просьба не беспокоить, а так же разведенцев, которые берут животных исключительно для вязок, а не для любви! 
Хвостики созданы для того, что бы их любили и правильно содержали!";https://www.avito.ru//tver/drugie_zhivotnye/schenki_horka_ili_norki_1942237612
Продажа хорьков в Москве;67
